model;preprocessing;initial_balance;max_investment_per_trade;max_price_per_stock;max_buy_output_quantile;max_trades_per_day;slippage;order_fee;profit;balance;time;max_buy_output
17_08---08_02-21.mdl;;1000000;0.02;25;0.25;10;0.006999999999999999;0.02;1.211588168;1196364.637;21h49m 13_02-21;
21_07---13_02-21.mdl;;1000000;0.02;25;0.25;10;0.006999999999999999;0.02;0.9870430290000001;987053.9031;21h50m 13_02-21;
11_42---14_02-21.mdl;;1000000;0.02;25;0.25;10;0.006999999999999999;0.02;1.0;1000000.0;13h13m 14_02-21;
17_08---08_02-21.mdl;;1000;0.025;25;0.25;10;0.006999999999999999;0.02;1.264025346;1241.139802;18h24m 14_02-21;
19_32---14_02-21.mdl;17 start time;1000;0.025;25;0.25;10;0.006999999999999999;0.02;1.053276472;1054.6109310000002;09h14m 15_02-21;
14_45---15_02-21.mdl;22 start time, only NYSE and NASDAQ;1000;0.025;25;0.25;10;0.006999999999999999;0.02;1.04735319;1046.546624;15h31m 15_02-21;
16_03---15_02-21.mdl;22 start time, only NYSE and NASDAQ;1000;0.025;25;0.25;10;0.006999999999999999;0.02;1.024549678;1024.399656;16h05m 15_02-21;
16_50---15_02-21.mdl;22 start time, only NYSE and NASDAQ;1000;0.025;25;0.25;10;0.006999999999999999;0.02;0.9944969290000001;994.4872163999999;16h55m 15_02-21;
4-15_02---16_02-21;4;1000;0.025;25;0.25;10;0.006999999999999999;0.02;1.174536194;1162.22515;16h52m 16_02-21;
45-12_22---17_02-21;4;1000;0.025;25;0.25;10;0.006999999999999999;0.02;1.0;1000.0;14h42m 17_02-21;
45-12_22---17_02-21;45;1000;0.025;25;0.25;10;0.007;0.02;1.0;1000.0;14h49m 17_02-21;0.0
